Postal Code;City;Region;Country/Region
PL1 1AA;Plymouth;Devon;United Kingdom
BS1 1AA;Bristol;Bristol;United Kingdom
BS1 1AA;Bristol;Bristol;United Kingdom
LS1 1AA;Leeds;West Yorkshire;United Kingdom
CF10 1AA;Cardiff;Wales;United Kingdom
M1 1AA;Manchester;Greater Manchester;United Kingdom
L1 1AA;Liverpool;Merseyside;United Kingdom
NE1 1AA;Newcastle;Tyne and Wear;United Kingdom
L1 1AA;Liverpool;Merseyside;United Kingdom
BS1 1AA;Bristol;Bristol;United Kingdom
CB1 1AA;Cambridge;Cambridgeshire;United Kingdom
BN1 1AA;Brighton;East Sussex;United Kingdom
B1 1AA;Birmingham;West Midlands;United Kingdom
L1 1AA;Liverpool;Merseyside;United Kingdom
YO1 1AA;York;North Yorkshire;United Kingdom
YO1 1AA;York;North Yorkshire;United Kingdom
YO1 1AA;York;North Yorkshire;United Kingdom
CB1 1AA;Cambridge;Cambridgeshire;United Kingdom
M1 1AA;Manchester;Greater Manchester;United Kingdom
BS1 1AA;Bristol;Bristol;United Kingdom
CB1 1AA;Cambridge;Cambridgeshire;United Kingdom
NE1 1AA;Newcastle;Tyne and Wear;United Kingdom
EH1 1AA;Edinburgh;Scotland;United Kingdom
NE1 1AA;Newcastle;Tyne and Wear;United Kingdom
YO1 1AA;York;North Yorkshire;United Kingdom
BS1 1AA;Bristol;Bristol;United Kingdom
M1 1AA;Manchester;Greater Manchester;United Kingdom
CF10 1AA;Cardiff;Wales;United Kingdom
NE1 1AA;Newcastle;Tyne and Wear;United Kingdom
SO14 1AA;Southampton;Hampshire;United Kingdom
L1 1AA;Liverpool;Merseyside;United Kingdom
SO14 1AA;Southampton;Hampshire;United Kingdom
CF10 1AA;Cardiff;Wales;United Kingdom
EH1 1AA;Edinburgh;Scotland;United Kingdom
B1 1AA;Birmingham;West Midlands;United Kingdom
YO1 1AA;York;North Yorkshire;United Kingdom
NE1 1AA;Newcastle;Tyne and Wear;United Kingdom
LS1 1AA;Leeds;West Yorkshire;United Kingdom
NE1 1AA;Newcastle;Tyne and Wear;United Kingdom
PL1 1AA;Plymouth;Devon;United Kingdom
L1 1AA;Liverpool;Merseyside;United Kingdom
L1 1AA;Liverpool;Merseyside;United Kingdom
G1 1AA;Glasgow;Scotland;United Kingdom
CB1 1AA;Cambridge;Cambridgeshire;United Kingdom
NE1 1AA;Newcastle;Tyne and Wear;United Kingdom
G1 1AA;Glasgow;Scotland;United Kingdom
EH1 1AA;Edinburgh;Scotland;United Kingdom
SO14 1AA;Southampton;Hampshire;United Kingdom
EH1 1AA;Edinburgh;Scotland;United Kingdom
BS1 1AA;Bristol;Bristol;United Kingdom
B1 1AA;Birmingham;West Midlands;United Kingdom
L1 1AA;Liverpool;Merseyside;United Kingdom
M1 1AA;Manchester;Greater Manchester;United Kingdom
LS1 1AA;Leeds;West Yorkshire;United Kingdom
M1 1AA;Manchester;Greater Manchester;United Kingdom
G1 1AA;Glasgow;Scotland;United Kingdom
BT1 1AA;Belfast;Northern Ireland;United Kingdom
CF10 1AA;Cardiff;Wales;United Kingdom
LS1 1AA;Leeds;West Yorkshire;United Kingdom
PL1 1AA;Plymouth;Devon;United Kingdom
BN1 1AA;Brighton;East Sussex;United Kingdom
PL1 1AA;Plymouth;Devon;United Kingdom
LS1 1AA;Leeds;West Yorkshire;United Kingdom
BN1 1AA;Brighton;East Sussex;United Kingdom
CF10 1AA;Cardiff;Wales;United Kingdom
G1 1AA;Glasgow;Scotland;United Kingdom
EH1 1AA;Edinburgh;Scotland;United Kingdom
G1 1AA;Glasgow;Scotland;United Kingdom
M1 1AA;Manchester;Greater Manchester;United Kingdom
PL1 1AA;Plymouth;Devon;United Kingdom
CF10 1AA;Cardiff;Wales;United Kingdom
EH1 1AA;Edinburgh;Scotland;United Kingdom
NE1 1AA;Newcastle;Tyne and Wear;United Kingdom
G1 1AA;Glasgow;Scotland;United Kingdom
L1 1AA;Liverpool;Merseyside;United Kingdom
M1 1AA;Manchester;Greater Manchester;United Kingdom
BS1 1AA;Bristol;Bristol;United Kingdom
EH1 1AA;Edinburgh;Scotland;United Kingdom
SW1A 1AA;London;England;United Kingdom
SW1A 1AA;London;England;United Kingdom
SO14 1AA;Southampton;Hampshire;United Kingdom
YO1 1AA;York;North Yorkshire;United Kingdom
G1 1AA;Glasgow;Scotland;United Kingdom
NE1 1AA;Newcastle;Tyne and Wear;United Kingdom
BN1 1AA;Brighton;East Sussex;United Kingdom
LS1 1AA;Leeds;West Yorkshire;United Kingdom
CB1 1AA;Cambridge;Cambridgeshire;United Kingdom
YO1 1AA;York;North Yorkshire;United Kingdom
EH1 1AA;Edinburgh;Scotland;United Kingdom
PL1 1AA;Plymouth;Devon;United Kingdom
SW1A 1AA;London;England;United Kingdom
LS1 1AA;Leeds;West Yorkshire;United Kingdom
EH1 1AA;Edinburgh;Scotland;United Kingdom
CB1 1AA;Cambridge;Cambridgeshire;United Kingdom
SO14 1AA;Southampton;Hampshire;United Kingdom
LS1 1AA;Leeds;West Yorkshire;United Kingdom
EH1 1AA;Edinburgh;Scotland;United Kingdom
LS1 1AA;Leeds;West Yorkshire;United Kingdom
LS1 1AA;Leeds;West Yorkshire;United Kingdom
SO14 1AA;Southampton;Hampshire;United Kingdom
EH1 1AA;Edinburgh;Scotland;United Kingdom
EH1 1AA;Edinburgh;Scotland;United Kingdom
CB1 1AA;Cambridge;Cambridgeshire;United Kingdom
NE1 1AA;Newcastle;Tyne and Wear;United Kingdom
BT1 1AA;Belfast;Northern Ireland;United Kingdom
LS1 1AA;Leeds;West Yorkshire;United Kingdom
M1 1AA;Manchester;Greater Manchester;United Kingdom
PL1 1AA;Plymouth;Devon;United Kingdom
BN1 1AA;Brighton;East Sussex;United Kingdom
CF10 1AA;Cardiff;Wales;United Kingdom
EH1 1AA;Edinburgh;Scotland;United Kingdom
CF10 1AA;Cardiff;Wales;United Kingdom
BN1 1AA;Brighton;East Sussex;United Kingdom
BS1 1AA;Bristol;Bristol;United Kingdom
NE1 1AA;Newcastle;Tyne and Wear;United Kingdom
LS1 1AA;Leeds;West Yorkshire;United Kingdom
LS1 1AA;Leeds;West Yorkshire;United Kingdom
BS1 1AA;Bristol;Bristol;United Kingdom
G1 1AA;Glasgow;Scotland;United Kingdom
EH1 1AA;Edinburgh;Scotland;United Kingdom
BT1 1AA;Belfast;Northern Ireland;United Kingdom
L1 1AA;Liverpool;Merseyside;United Kingdom
L1 1AA;Liverpool;Merseyside;United Kingdom
YO1 1AA;York;North Yorkshire;United Kingdom
SO14 1AA;Southampton;Hampshire;United Kingdom
SO14 1AA;Southampton;Hampshire;United Kingdom
YO1 1AA;York;North Yorkshire;United Kingdom
L1 1AA;Liverpool;Merseyside;United Kingdom
L1 1AA;Liverpool;Merseyside;United Kingdom
PL1 1AA;Plymouth;Devon;United Kingdom
SO14 1AA;Southampton;Hampshire;United Kingdom
BT1 1AA;Belfast;Northern Ireland;United Kingdom
LS1 1AA;Leeds;West Yorkshire;United Kingdom
SW1A 1AA;London;England;United Kingdom
M1 1AA;Manchester;Greater Manchester;United Kingdom
M1 1AA;Manchester;Greater Manchester;United Kingdom
PL1 1AA;Plymouth;Devon;United Kingdom
PL1 1AA;Plymouth;Devon;United Kingdom
BS1 1AA;Bristol;Bristol;United Kingdom
SW1A 1AA;London;England;United Kingdom
EH1 1AA;Edinburgh;Scotland;United Kingdom
EH1 1AA;Edinburgh;Scotland;United Kingdom
NE1 1AA;Newcastle;Tyne and Wear;United Kingdom
CF10 1AA;Cardiff;Wales;United Kingdom
YO1 1AA;York;North Yorkshire;United Kingdom
CB1 1AA;Cambridge;Cambridgeshire;United Kingdom
YO1 1AA;York;North Yorkshire;United Kingdom
L1 1AA;Liverpool;Merseyside;United Kingdom
PL1 1AA;Plymouth;Devon;United Kingdom
BS1 1AA;Bristol;Bristol;United Kingdom
BT1 1AA;Belfast;Northern Ireland;United Kingdom
G1 1AA;Glasgow;Scotland;United Kingdom
B1 1AA;Birmingham;West Midlands;United Kingdom
SO14 1AA;Southampton;Hampshire;United Kingdom
BN1 1AA;Brighton;East Sussex;United Kingdom
LS1 1AA;Leeds;West Yorkshire;United Kingdom
NE1 1AA;Newcastle;Tyne and Wear;United Kingdom
SO14 1AA;Southampton;Hampshire;United Kingdom
B1 1AA;Birmingham;West Midlands;United Kingdom
LS1 1AA;Leeds;West Yorkshire;United Kingdom
NE1 1AA;Newcastle;Tyne and Wear;United Kingdom
M1 1AA;Manchester;Greater Manchester;United Kingdom
B1 1AA;Birmingham;West Midlands;United Kingdom
PL1 1AA;Plymouth;Devon;United Kingdom
BN1 1AA;Brighton;East Sussex;United Kingdom
BT1 1AA;Belfast;Northern Ireland;United Kingdom
CB1 1AA;Cambridge;Cambridgeshire;United Kingdom
BN1 1AA;Brighton;East Sussex;United Kingdom
B1 1AA;Birmingham;West Midlands;United Kingdom
BT1 1AA;Belfast;Northern Ireland;United Kingdom
LS1 1AA;Leeds;West Yorkshire;United Kingdom
B1 1AA;Birmingham;West Midlands;United Kingdom
BT1 1AA;Belfast;Northern Ireland;United Kingdom
YO1 1AA;York;North Yorkshire;United Kingdom
CF10 1AA;Cardiff;Wales;United Kingdom
CB1 1AA;Cambridge;Cambridgeshire;United Kingdom
BN1 1AA;Brighton;East Sussex;United Kingdom
SO14 1AA;Southampton;Hampshire;United Kingdom
M1 1AA;Manchester;Greater Manchester;United Kingdom
CF10 1AA;Cardiff;Wales;United Kingdom
SO14 1AA;Southampton;Hampshire;United Kingdom
CB1 1AA;Cambridge;Cambridgeshire;United Kingdom
BS1 1AA;Bristol;Bristol;United Kingdom
LS1 1AA;Leeds;West Yorkshire;United Kingdom
CB1 1AA;Cambridge;Cambridgeshire;United Kingdom
M1 1AA;Manchester;Greater Manchester;United Kingdom
M1 1AA;Manchester;Greater Manchester;United Kingdom
PL1 1AA;Plymouth;Devon;United Kingdom
SO14 1AA;Southampton;Hampshire;United Kingdom
L1 1AA;Liverpool;Merseyside;United Kingdom
G1 1AA;Glasgow;Scotland;United Kingdom
G1 1AA;Glasgow;Scotland;United Kingdom
M1 1AA;Manchester;Greater Manchester;United Kingdom
YO1 1AA;York;North Yorkshire;United Kingdom
SW1A 1AA;London;England;United Kingdom
L1 1AA;Liverpool;Merseyside;United Kingdom
SW1A 1AA;London;England;United Kingdom
B1 1AA;Birmingham;West Midlands;United Kingdom
EH1 1AA;Edinburgh;Scotland;United Kingdom
M1 1AA;Manchester;Greater Manchester;United Kingdom
L1 1AA;Liverpool;Merseyside;United Kingdom
BN1 1AA;Brighton;East Sussex;United Kingdom
B1 1AA;Birmingham;West Midlands;United Kingdom
G1 1AA;Glasgow;Scotland;United Kingdom
PL1 1AA;Plymouth;Devon;United Kingdom
B1 1AA;Birmingham;West Midlands;United Kingdom
L1 1AA;Liverpool;Merseyside;United Kingdom
NE1 1AA;Newcastle;Tyne and Wear;United Kingdom
SO14 1AA;Southampton;Hampshire;United Kingdom
LS1 1AA;Leeds;West Yorkshire;United Kingdom
BS1 1AA;Bristol;Bristol;United Kingdom
M1 1AA;Manchester;Greater Manchester;United Kingdom
LS1 1AA;Leeds;West Yorkshire;United Kingdom
G1 1AA;Glasgow;Scotland;United Kingdom
EH1 1AA;Edinburgh;Scotland;United Kingdom
YO1 1AA;York;North Yorkshire;United Kingdom
YO1 1AA;York;North Yorkshire;United Kingdom
CB1 1AA;Cambridge;Cambridgeshire;United Kingdom
SW1A 1AA;London;England;United Kingdom
BT1 1AA;Belfast;Northern Ireland;United Kingdom
BN1 1AA;Brighton;East Sussex;United Kingdom
SO14 1AA;Southampton;Hampshire;United Kingdom
NE1 1AA;Newcastle;Tyne and Wear;United Kingdom
BN1 1AA;Brighton;East Sussex;United Kingdom
BT1 1AA;Belfast;Northern Ireland;United Kingdom
YO1 1AA;York;North Yorkshire;United Kingdom
CB1 1AA;Cambridge;Cambridgeshire;United Kingdom
B1 1AA;Birmingham;West Midlands;United Kingdom
B1 1AA;Birmingham;West Midlands;United Kingdom
BS1 1AA;Bristol;Bristol;United Kingdom
BT1 1AA;Belfast;Northern Ireland;United Kingdom
PL1 1AA;Plymouth;Devon;United Kingdom
SO14 1AA;Southampton;Hampshire;United Kingdom
BN1 1AA;Brighton;East Sussex;United Kingdom
YO1 1AA;York;North Yorkshire;United Kingdom
CB1 1AA;Cambridge;Cambridgeshire;United Kingdom
NE1 1AA;Newcastle;Tyne and Wear;United Kingdom
G1 1AA;Glasgow;Scotland;United Kingdom
NE1 1AA;Newcastle;Tyne and Wear;United Kingdom
LS1 1AA;Leeds;West Yorkshire;United Kingdom
SO14 1AA;Southampton;Hampshire;United Kingdom
SW1A 1AA;London;England;United Kingdom
SW1A 1AA;London;England;United Kingdom
BS1 1AA;Bristol;Bristol;United Kingdom
M1 1AA;Manchester;Greater Manchester;United Kingdom
PL1 1AA;Plymouth;Devon;United Kingdom
G1 1AA;Glasgow;Scotland;United Kingdom
M1 1AA;Manchester;Greater Manchester;United Kingdom
EH1 1AA;Edinburgh;Scotland;United Kingdom
M1 1AA;Manchester;Greater Manchester;United Kingdom
BS1 1AA;Bristol;Bristol;United Kingdom
BN1 1AA;Brighton;East Sussex;United Kingdom
YO1 1AA;York;North Yorkshire;United Kingdom
CF10 1AA;Cardiff;Wales;United Kingdom
SW1A 1AA;London;England;United Kingdom
BS1 1AA;Bristol;Bristol;United Kingdom
CF10 1AA;Cardiff;Wales;United Kingdom
B1 1AA;Birmingham;West Midlands;United Kingdom
BN1 1AA;Brighton;East Sussex;United Kingdom
M1 1AA;Manchester;Greater Manchester;United Kingdom
CB1 1AA;Cambridge;Cambridgeshire;United Kingdom
L1 1AA;Liverpool;Merseyside;United Kingdom
M1 1AA;Manchester;Greater Manchester;United Kingdom
G1 1AA;Glasgow;Scotland;United Kingdom
G1 1AA;Glasgow;Scotland;United Kingdom
NE1 1AA;Newcastle;Tyne and Wear;United Kingdom
G1 1AA;Glasgow;Scotland;United Kingdom
NE1 1AA;Newcastle;Tyne and Wear;United Kingdom
LS1 1AA;Leeds;West Yorkshire;United Kingdom
L1 1AA;Liverpool;Merseyside;United Kingdom
PL1 1AA;Plymouth;Devon;United Kingdom
B1 1AA;Birmingham;West Midlands;United Kingdom
CF10 1AA;Cardiff;Wales;United Kingdom
M1 1AA;Manchester;Greater Manchester;United Kingdom
BN1 1AA;Brighton;East Sussex;United Kingdom
YO1 1AA;York;North Yorkshire;United Kingdom
BN1 1AA;Brighton;East Sussex;United Kingdom
SO14 1AA;Southampton;Hampshire;United Kingdom
YO1 1AA;York;North Yorkshire;United Kingdom
NE1 1AA;Newcastle;Tyne and Wear;United Kingdom
CF10 1AA;Cardiff;Wales;United Kingdom
L1 1AA;Liverpool;Merseyside;United Kingdom
M1 1AA;Manchester;Greater Manchester;United Kingdom
NE1 1AA;Newcastle;Tyne and Wear;United Kingdom
L1 1AA;Liverpool;Merseyside;United Kingdom
PL1 1AA;Plymouth;Devon;United Kingdom
CF10 1AA;Cardiff;Wales;United Kingdom
CF10 1AA;Cardiff;Wales;United Kingdom
SO14 1AA;Southampton;Hampshire;United Kingdom
NE1 1AA;Newcastle;Tyne and Wear;United Kingdom
SO14 1AA;Southampton;Hampshire;United Kingdom
NE1 1AA;Newcastle;Tyne and Wear;United Kingdom
SO14 1AA;Southampton;Hampshire;United Kingdom
SW1A 1AA;London;England;United Kingdom
CB1 1AA;Cambridge;Cambridgeshire;United Kingdom
LS1 1AA;Leeds;West Yorkshire;United Kingdom
CB1 1AA;Cambridge;Cambridgeshire;United Kingdom
PL1 1AA;Plymouth;Devon;United Kingdom
PL1 1AA;Plymouth;Devon;United Kingdom
PL1 1AA;Plymouth;Devon;United Kingdom
L1 1AA;Liverpool;Merseyside;United Kingdom
LS1 1AA;Leeds;West Yorkshire;United Kingdom
LS1 1AA;Leeds;West Yorkshire;United Kingdom
LS1 1AA;Leeds;West Yorkshire;United Kingdom
L1 1AA;Liverpool;Merseyside;United Kingdom
BS1 1AA;Bristol;Bristol;United Kingdom
NE1 1AA;Newcastle;Tyne and Wear;United Kingdom
BS1 1AA;Bristol;Bristol;United Kingdom
BN1 1AA;Brighton;East Sussex;United Kingdom
G1 1AA;Glasgow;Scotland;United Kingdom
NE1 1AA;Newcastle;Tyne and Wear;United Kingdom
BN1 1AA;Brighton;East Sussex;United Kingdom
B1 1AA;Birmingham;West Midlands;United Kingdom
CB1 1AA;Cambridge;Cambridgeshire;United Kingdom
CF10 1AA;Cardiff;Wales;United Kingdom
CF10 1AA;Cardiff;Wales;United Kingdom
28001;Madrid;Community of Madrid;Europe
13001;Marseille;Provence-Alpes-Côte d'Azur;Europe
D01 F5P2;Dublin;Leinster;Europe
111 20;Stockholm;Stockholm County;Europe
20121;Milan;Lombardy;Europe
1011 AB;Amsterdam;North Holland;Europe
50667;Cologne;North Rhine-Westphalia;Europe
50667;Cologne;North Rhine-Westphalia;Europe
111 20;Stockholm;Stockholm County;Europe
111 20;Stockholm;Stockholm County;Europe
13001;Marseille;Provence-Alpes-Côte d'Azur;Europe
75001;Paris;Île-de-France;Europe
20121;Milan;Lombardy;Europe
31000;Toulouse;Occitanie;Europe
50667;Cologne;North Rhine-Westphalia;Europe
75001;Paris;Île-de-France;Europe
D01 F5P2;Dublin;Leinster;Europe
1011 AB;Amsterdam;North Holland;Europe
31000;Toulouse;Occitanie;Europe
31000;Toulouse;Occitanie;Europe
28001;Madrid;Community of Madrid;Europe
50667;Cologne;North Rhine-Westphalia;Europe
28001;Madrid;Community of Madrid;Europe
75001;Paris;Île-de-France;Europe
28001;Madrid;Community of Madrid;Europe
1011 AB;Amsterdam;North Holland;Europe
75001;Paris;Île-de-France;Europe
75001;Paris;Île-de-France;Europe
20121;Milan;Lombardy;Europe
1011 AB;Amsterdam;North Holland;Europe
111 20;Stockholm;Stockholm County;Europe
75001;Paris;Île-de-France;Europe
1011 AB;Amsterdam;North Holland;Europe
13001;Marseille;Provence-Alpes-Côte d'Azur;Europe
20121;Milan;Lombardy;Europe
28001;Madrid;Community of Madrid;Europe
50667;Cologne;North Rhine-Westphalia;Europe
20121;Milan;Lombardy;Europe
75001;Paris;Île-de-France;Europe
31000;Toulouse;Occitanie;Europe
D01 F5P2;Dublin;Leinster;Europe
31000;Toulouse;Occitanie;Europe
50667;Cologne;North Rhine-Westphalia;Europe
75001;Paris;Île-de-France;Europe
13001;Marseille;Provence-Alpes-Côte d'Azur;Europe
13001;Marseille;Provence-Alpes-Côte d'Azur;Europe
13001;Marseille;Provence-Alpes-Côte d'Azur;Europe
31000;Toulouse;Occitanie;Europe
31000;Toulouse;Occitanie;Europe
20121;Milan;Lombardy;Europe
75001;Paris;Île-de-France;Europe
28001;Madrid;Community of Madrid;Europe
75001;Paris;Île-de-France;Europe
50667;Cologne;North Rhine-Westphalia;Europe
28001;Madrid;Community of Madrid;Europe
20121;Milan;Lombardy;Europe
75001;Paris;Île-de-France;Europe
1011 AB;Amsterdam;North Holland;Europe
50667;Cologne;North Rhine-Westphalia;Europe
20121;Milan;Lombardy;Europe
75001;Paris;Île-de-France;Europe
31000;Toulouse;Occitanie;Europe
28001;Madrid;Community of Madrid;Europe
D01 F5P2;Dublin;Leinster;Europe
75001;Paris;Île-de-France;Europe
1011 AB;Amsterdam;North Holland;Europe
28001;Madrid;Community of Madrid;Europe
75001;Paris;Île-de-France;Europe
13001;Marseille;Provence-Alpes-Côte d'Azur;Europe
31000;Toulouse;Occitanie;Europe
75001;Paris;Île-de-France;Europe
50667;Cologne;North Rhine-Westphalia;Europe
31000;Toulouse;Occitanie;Europe
111 20;Stockholm;Stockholm County;Europe
D01 F5P2;Dublin;Leinster;Europe
D01 F5P2;Dublin;Leinster;Europe
50667;Cologne;North Rhine-Westphalia;Europe
1011 AB;Amsterdam;North Holland;Europe
D01 F5P2;Dublin;Leinster;Europe
13001;Marseille;Provence-Alpes-Côte d'Azur;Europe
111 20;Stockholm;Stockholm County;Europe
111 20;Stockholm;Stockholm County;Europe
75001;Paris;Île-de-France;Europe
111 20;Stockholm;Stockholm County;Europe
20121;Milan;Lombardy;Europe
28001;Madrid;Community of Madrid;Europe
20121;Milan;Lombardy;Europe
75001;Paris;Île-de-France;Europe
111 20;Stockholm;Stockholm County;Europe
111 20;Stockholm;Stockholm County;Europe
50667;Cologne;North Rhine-Westphalia;Europe
13001;Marseille;Provence-Alpes-Côte d'Azur;Europe
20121;Milan;Lombardy;Europe
50667;Cologne;North Rhine-Westphalia;Europe
D01 F5P2;Dublin;Leinster;Europe
28001;Madrid;Community of Madrid;Europe
28001;Madrid;Community of Madrid;Europe
75001;Paris;Île-de-France;Europe
28001;Madrid;Community of Madrid;Europe
50667;Cologne;North Rhine-Westphalia;Europe
28001;Madrid;Community of Madrid;Europe
D01 F5P2;Dublin;Leinster;Europe
28001;Madrid;Community of Madrid;Europe
13001;Marseille;Provence-Alpes-Côte d'Azur;Europe
75001;Paris;Île-de-France;Europe
13001;Marseille;Provence-Alpes-Côte d'Azur;Europe
31000;Toulouse;Occitanie;Europe
D01 F5P2;Dublin;Leinster;Europe
111 20;Stockholm;Stockholm County;Europe
50667;Cologne;North Rhine-Westphalia;Europe
31000;Toulouse;Occitanie;Europe
50667;Cologne;North Rhine-Westphalia;Europe
31000;Toulouse;Occitanie;Europe
D01 F5P2;Dublin;Leinster;Europe
1011 AB;Amsterdam;North Holland;Europe
28001;Madrid;Community of Madrid;Europe
28001;Madrid;Community of Madrid;Europe
13001;Marseille;Provence-Alpes-Côte d'Azur;Europe
28001;Madrid;Community of Madrid;Europe
13001;Marseille;Provence-Alpes-Côte d'Azur;Europe
28001;Madrid;Community of Madrid;Europe
50667;Cologne;North Rhine-Westphalia;Europe
50667;Cologne;North Rhine-Westphalia;Europe
28001;Madrid;Community of Madrid;Europe
50667;Cologne;North Rhine-Westphalia;Europe
75001;Paris;Île-de-France;Europe
28001;Madrid;Community of Madrid;Europe
31000;Toulouse;Occitanie;Europe
28001;Madrid;Community of Madrid;Europe
28001;Madrid;Community of Madrid;Europe
D01 F5P2;Dublin;Leinster;Europe
1011 AB;Amsterdam;North Holland;Europe
75001;Paris;Île-de-France;Europe
1011 AB;Amsterdam;North Holland;Europe
28001;Madrid;Community of Madrid;Europe
D01 F5P2;Dublin;Leinster;Europe
1011 AB;Amsterdam;North Holland;Europe
28001;Madrid;Community of Madrid;Europe
75001;Paris;Île-de-France;Europe
28001;Madrid;Community of Madrid;Europe
75001;Paris;Île-de-France;Europe
28001;Madrid;Community of Madrid;Europe
111 20;Stockholm;Stockholm County;Europe
28001;Madrid;Community of Madrid;Europe
20121;Milan;Lombardy;Europe
31000;Toulouse;Occitanie;Europe
1011 AB;Amsterdam;North Holland;Europe
13001;Marseille;Provence-Alpes-Côte d'Azur;Europe
1011 AB;Amsterdam;North Holland;Europe
50667;Cologne;North Rhine-Westphalia;Europe
28001;Madrid;Community of Madrid;Europe
28001;Madrid;Community of Madrid;Europe
50667;Cologne;North Rhine-Westphalia;Europe
31000;Toulouse;Occitanie;Europe
111 20;Stockholm;Stockholm County;Europe
50667;Cologne;North Rhine-Westphalia;Europe
31000;Toulouse;Occitanie;Europe
20121;Milan;Lombardy;Europe
13001;Marseille;Provence-Alpes-Côte d'Azur;Europe
13001;Marseille;Provence-Alpes-Côte d'Azur;Europe
D01 F5P2;Dublin;Leinster;Europe
20121;Milan;Lombardy;Europe
75001;Paris;Île-de-France;Europe
50667;Cologne;North Rhine-Westphalia;Europe
28001;Madrid;Community of Madrid;Europe
D01 F5P2;Dublin;Leinster;Europe
20121;Milan;Lombardy;Europe
28001;Madrid;Community of Madrid;Europe
50667;Cologne;North Rhine-Westphalia;Europe
1011 AB;Amsterdam;North Holland;Europe
28001;Madrid;Community of Madrid;Europe
75001;Paris;Île-de-France;Europe
111 20;Stockholm;Stockholm County;Europe
20121;Milan;Lombardy;Europe
50667;Cologne;North Rhine-Westphalia;Europe
75001;Paris;Île-de-France;Europe
31000;Toulouse;Occitanie;Europe
31000;Toulouse;Occitanie;Europe
20121;Milan;Lombardy;Europe
D01 F5P2;Dublin;Leinster;Europe
1011 AB;Amsterdam;North Holland;Europe
20121;Milan;Lombardy;Europe
20121;Milan;Lombardy;Europe
1011 AB;Amsterdam;North Holland;Europe
75001;Paris;Île-de-France;Europe
75001;Paris;Île-de-France;Europe
28001;Madrid;Community of Madrid;Europe
13001;Marseille;Provence-Alpes-Côte d'Azur;Europe
75001;Paris;Île-de-France;Europe
1011 AB;Amsterdam;North Holland;Europe
31000;Toulouse;Occitanie;Europe
D01 F5P2;Dublin;Leinster;Europe
111 20;Stockholm;Stockholm County;Europe
13001;Marseille;Provence-Alpes-Côte d'Azur;Europe
31000;Toulouse;Occitanie;Europe
111 20;Stockholm;Stockholm County;Europe
28001;Madrid;Community of Madrid;Europe
50667;Cologne;North Rhine-Westphalia;Europe
50667;Cologne;North Rhine-Westphalia;Europe
75001;Paris;Île-de-France;Europe
111 20;Stockholm;Stockholm County;Europe
13001;Marseille;Provence-Alpes-Côte d'Azur;Europe
1011 AB;Amsterdam;North Holland;Europe
28001;Madrid;Community of Madrid;Europe
D01 F5P2;Dublin;Leinster;Europe
75001;Paris;Île-de-France;Europe
50667;Cologne;North Rhine-Westphalia;Europe
13001;Marseille;Provence-Alpes-Côte d'Azur;Europe
28001;Madrid;Community of Madrid;Europe
13001;Marseille;Provence-Alpes-Côte d'Azur;Europe
V6B 1V2;Vancouver;British Columbia;Canada
M5V 2T6;Toronto;Ontario;Canada
M5V 2T6;Toronto;Ontario;Canada
M5V 2T6;Toronto;Ontario;Canada
M5V 2T6;Toronto;Ontario;Canada
M5V 2T6;Toronto;Ontario;Canada
V6B 1V2;Vancouver;British Columbia;Canada
M5V 2T6;Toronto;Ontario;Canada
V6B 1V2;Vancouver;British Columbia;Canada
V6B 1V2;Vancouver;British Columbia;Canada
V6B 1V2;Vancouver;British Columbia;Canada
M5V 2T6;Toronto;Ontario;Canada
V6B 1V2;Vancouver;British Columbia;Canada
M5V 2T6;Toronto;Ontario;Canada
M5V 2T6;Toronto;Ontario;Canada
M5V 2T6;Toronto;Ontario;Canada
V6B 1V2;Vancouver;British Columbia;Canada
M5V 2T6;Toronto;Ontario;Canada
V6B 1V2;Vancouver;British Columbia;Canada
M5V 2T6;Toronto;Ontario;Canada
M5V 2T6;Toronto;Ontario;Canada
V6B 1V2;Vancouver;British Columbia;Canada
V6B 1V2;Vancouver;British Columbia;Canada
V6B 1V2;Vancouver;British Columbia;Canada
M5V 2T6;Toronto;Ontario;Canada
M5V 2T6;Toronto;Ontario;Canada
M5V 2T6;Toronto;Ontario;Canada
M5V 2T6;Toronto;Ontario;Canada
V6B 1V2;Vancouver;British Columbia;Canada
V6B 1V2;Vancouver;British Columbia;Canada
M5V 2T6;Toronto;Ontario;Canada
M5V 2T6;Toronto;Ontario;Canada
V6B 1V2;Vancouver;British Columbia;Canada
M5V 2T6;Toronto;Ontario;Canada
M5V 2T6;Toronto;Ontario;Canada
M5V 2T6;Toronto;Ontario;Canada
M5V 2T6;Toronto;Ontario;Canada
V6B 1V2;Vancouver;British Columbia;Canada
V6B 1V2;Vancouver;British Columbia;Canada
M5V 2T6;Toronto;Ontario;Canada
M5V 2T6;Toronto;Ontario;Canada
M5V 2T6;Toronto;Ontario;Canada
M5V 2T6;Toronto;Ontario;Canada
V6B 1V2;Vancouver;British Columbia;Canada
V6B 1V2;Vancouver;British Columbia;Canada
M5V 2T6;Toronto;Ontario;Canada
M5V 2T6;Toronto;Ontario;Canada
M5V 2T6;Toronto;Ontario;Canada
M5V 2T6;Toronto;Ontario;Canada
M5V 2T6;Toronto;Ontario;Canada
V6B 1V2;Vancouver;British Columbia;Canada
V6B 1V2;Vancouver;British Columbia;Canada
M5V 2T6;Toronto;Ontario;Canada
V6B 1V2;Vancouver;British Columbia;Canada
V6B 1V2;Vancouver;British Columbia;Canada
M5V 2T6;Toronto;Ontario;Canada
V6B 1V2;Vancouver;British Columbia;Canada
V6B 1V2;Vancouver;British Columbia;Canada
V6B 1V2;Vancouver;British Columbia;Canada
V6B 1V2;Vancouver;British Columbia;Canada
V6B 1V2;Vancouver;British Columbia;Canada
M5V 2T6;Toronto;Ontario;Canada
M5V 2T6;Toronto;Ontario;Canada
V6B 1V2;Vancouver;British Columbia;Canada
M5V 2T6;Toronto;Ontario;Canada
V6B 1V2;Vancouver;British Columbia;Canada
V6B 1V2;Vancouver;British Columbia;Canada
M5V 2T6;Toronto;Ontario;Canada
M5V 2T6;Toronto;Ontario;Canada
M5V 2T6;Toronto;Ontario;Canada
M5V 2T6;Toronto;Ontario;Canada
V6B 1V2;Vancouver;British Columbia;Canada
V6B 1V2;Vancouver;British Columbia;Canada
V6B 1V2;Vancouver;British Columbia;Canada
M5V 2T6;Toronto;Ontario;Canada
V6B 1V2;Vancouver;British Columbia;Canada
M5V 2T6;Toronto;Ontario;Canada
V6B 1V2;Vancouver;British Columbia;Canada
V6B 1V2;Vancouver;British Columbia;Canada
V6B 1V2;Vancouver;British Columbia;Canada
V6B 1V2;Vancouver;British Columbia;Canada
V6B 1V2;Vancouver;British Columbia;Canada
M5V 2T6;Toronto;Ontario;Canada
V6B 1V2;Vancouver;British Columbia;Canada
M5V 2T6;Toronto;Ontario;Canada
V6B 1V2;Vancouver;British Columbia;Canada
M5V 2T6;Toronto;Ontario;Canada
V6B 1V2;Vancouver;British Columbia;Canada
V6B 1V2;Vancouver;British Columbia;Canada
V6B 1V2;Vancouver;British Columbia;Canada
M5V 2T6;Toronto;Ontario;Canada
V6B 1V2;Vancouver;British Columbia;Canada
V6B 1V2;Vancouver;British Columbia;Canada
M5V 2T6;Toronto;Ontario;Canada
V6B 1V2;Vancouver;British Columbia;Canada
V6B 1V2;Vancouver;British Columbia;Canada
M5V 2T6;Toronto;Ontario;Canada
V6B 1V2;Vancouver;British Columbia;Canada
M5V 2T6;Toronto;Ontario;Canada
M5V 2T6;Toronto;Ontario;Canada
V6B 1V2;Vancouver;British Columbia;Canada
M5V 2T6;Toronto;Ontario;Canada
V6B 1V2;Vancouver;British Columbia;Canada
V6B 1V2;Vancouver;British Columbia;Canada
V6B 1V2;Vancouver;British Columbia;Canada
M5V 2T6;Toronto;Ontario;Canada
